"Pais","Region","Superficie_km2","Poblacion_Miles_2017","Poblacion_Denskm2_2017.","SexoProporcionMpor100F_2017.","PIB_millonesUSD","PIB_crecimientoAnual","PIB_PerCapita","Economia_PorcentajeAgricola","Economia_PorcentajeIndustria","Empleados_PorcentajeAgricola","Empleados_PorcentajeIndustria","Desempleo_PorcentajePob","IndiceProduccionAgricola","IndiceProducionAlimentaria","ComercioIntExportacion_millonesUSD","ComercioIntImportacion_millonesUSD","CrecimientoPoblacion_TasaAnual","PoblacionUrbana_Porcentaje","CrecimientoPobUrbana_TasaAnual","TasaFertilidac_NacVivosMujer","MortalidadInfantil_porMilNac","GastoSalud_PIB","medicos_porMilpoblacion","GastoEducacion_PIB","participacionLaboralFem","participacionLaboralMasc","EducPrimariaTasaFem","EducPrimariaTasaMasc","EducSecundariaTasaFem","EducSecundariaTasaMasc","EducTerciariaTasaFem","EducTerciariaTasaMasc","AccesoAguaMejorPobUrbana","AccesoAguaMejorPobRural","EsperanzaVidaFem","EsperanzaVidaMasc","PorcentPoblacionJoven","PorcentPoblacionVieja","MigracionNum","MigracionPorcentaje"
"Afghanistan","SouthernAsia",652864,35530,54.4,106.3,20270,-2.4,623.2,23.3,23.3,61.6,10,8.6,125,125,1458,3568,3.2,26.7,4,5.3,68.6,8.2,0.3,3.3,19.3,83.6,91.1,131.6,39.7,70.7,9.8,0.3,45.1,27,63.5,61,43.2,4.1,382.4,1.2
"Albania","SouthernEurope",28748,2930,106.9,101.9,11541,2.6,3984.2,22.4,26,41.4,18.3,15.8,134,134,1962,4669,-0.1,57.4,2.2,1.7,14.6,5.9,1.3,3.5,40.2,61,111.7,115.5,92.5,98.8,5.7,2,95.5,90.2,79.9,75.6,17.4,19,57.6,2
"Algeria","NorthernAfrica",2381741,41318,17.3,102,164779,3.8,4154.1,12.2,37.3,10.8,34.5,11.4,160,161,29992,47091,2,70.7,2.8,3,27.7,7.2,NA,NA,17,70.7,112.7,119.5,101.7,98.1,145.4,3.7,89.8,82.2,76.5,74.1,29.3,9.4,242.4,0.6
"American Samoa","Polynesia",199,56,278.2,103.6,-99,-99,-99,-99,-99,NA,NA,NA,112,112,-99,-99,NA,87.2,-0.1,2.6,9.6,-99,-99,-99,NA,NA,-99,NA,-99,NA,-99,NA,62.5,62.5,77.8,71.1,33.3,9,23.2,41.8
"Andorra","SouthernEurope",468,77,163.8,102.3,2812,0.8,39896.4,0.5,10.8,-99,-99,-99,-99,-99,100,1355,-1.6,85.1,0.1,1.2,-99,8.1,3.7,3.3,-99,NA,-99,NA,-99,NA,0.5,6.4,100,100,-99,NA,14.4,19,42.1,59.7
"Angola","MiddleAfrica",1246700,29784,23.9,96.2,117955,3,4714.1,6.8,51.2,4.2,37.6,6.6,175,176,21011,8790,3.5,44.1,5,6,65.4,3.3,NA,NA,59.8,77.1,100.4,156.9,22.7,35.1,34.8,1.4,88.6,22.5,63,57.4,46.8,4,106.8,0.4
"Anguilla","Caribbean",91,15,165.7,97.6,320,2.9,21879.6,2.3,15.7,NA,NA,NA,-99,-99,2,154,1.2,100,1.2,NA,-99,-99,-99,NA,NA,NA,-99,NA,-99,NA,0.1,9.8,97.9,NA,NA,NA,23.3,7.6,5.5,37.4
"Antigua and Barbuda","Caribbean",442,102,231.8,92.3,1356,4.1,14764.5,1.9,18.3,NA,NA,NA,88,88,61,491,1.1,23.8,-0.9,2.1,9.1,5.5,-99,NA,NA,NA,94.1,100,103.8,101.6,0.5,5.8,91.4,91.4,78.2,73.3,23.9,10.9,28.1,30.6
"Argentina","SouthAmerica",2780400,44271,16.2,95.9,632343,2.4,14564.5,6,27.8,2,24.8,6.5,119,119,57733,55610,1,91.8,1,2.3,13.7,4.8,3.8,5.3,48.6,74.4,109.8,110.2,110.3,103.4,204,4.7,96.2,98.3,79.8,72.2,24.9,15.4,2086.3,4.8
"Armenia","WesternAsia",29743,2930,102.9,88.8,10529,3,3489.1,19,28.3,35,15.7,16.6,135,135,1776,3230,0.3,62.7,-0.1,1.6,13.2,4.5,2.8,2.8,55.3,74.2,98.5,98.5,89,88.1,5.5,1.8,96.2,78.2,77,70.6,20,16.9,191.2,6.3
"Aruba","Caribbean",180,105,584.8,90.4,2702,0.1,26005.4,0.5,15.4,0.6,14,NA,-99,-99,95,1117,0.5,41.5,-0.3,1.8,14.8,-99,-99,6.2,58.8,69.6,115.4,119.1,112.1,110.3,0.9,8.4,97.7,97.7,77.8,72.9,17.9,19.7,36.1,34.8
"Australia","Oceania",7692060,24451,3.2,99.3,1230859,2.4,51352.2,2.5,26.5,2.7,21.2,5.5,111,111,189630,189406,1.5,89.4,1.5,1.9,3.9,9.4,3.4,5.2,58.4,70.7,102.1,102.3,133.6,141.3,361.3,15.3,100,100,84.4,80.2,19,21,6763.7,28.2
"Austria","WesternEurope",83871,8736,106,96.2,376967,1,44117.7,1.3,28.3,4.7,25.6,6.2,108,108,145503,149299,0.6,66,0.4,1.4,3.3,11.2,5.2,5.5,54.6,65.8,102.2,103.7,97.6,102.4,58.7,6.9,100,100,83.5,78.4,14.1,25.1,1492.4,17.5
"Azerbaijan","WesternAsia",86600,9828,118.9,99.3,53049,0.7,5438.7,6.7,49.9,36.7,14.2,5.2,131,136,9143,8532,1.3,54.6,1.6,2.1,31.4,6,3.4,2.6,62,68.8,105.6,107.4,-99,NA,37.5,3.9,91.6,86.6,74.6,68.6,23.3,10.1,264.2,2.7
"Bahamas","Caribbean",13940,395,39.5,95.9,8854,-1.7,22817.2,1.6,12.7,3.9,14.2,14.7,132,132,365,2904,1.4,82.9,1.5,1.8,9.1,7.7,NA,NA,69.4,79.1,NA,NA,NA,NA,2.4,6.3,92,92,78.1,72,20.5,13.5,59.3,15.3
"Bahrain","WesternAsia",771,1493,1963.9,168.3,31126,2.9,22600.2,0.3,40.7,1,33.4,1.3,167,167,12892,14749,2,88.8,1.7,2.1,6.9,5,0.9,2.7,38.5,84.9,101.8,100.6,101.9,102.4,31.3,23,99.2,99.2,77.5,75.6,19.7,4.6,704.1,51.1
"Bangladesh","SouthernAsia",147570,164670,1265,101.7,194466,6.6,1207.9,15.5,28.1,40.6,19.1,4,141,140,36031,52624,1.2,34.3,3.6,2.2,33.3,2.8,0.4,1.9,43.2,81.1,125.1,116,67.4,59.8,73.2,0.5,57.7,62.1,72.9,69.8,28.4,7.3,1422.8,0.9
"Barbados","Caribbean",431,286,664.5,91.9,4385,0.9,15429.4,1.7,12.1,2.8,19.3,11.3,88,88,517,1621,0.3,31.5,0.1,1.8,9.6,7.5,NA,6.6,61.8,70,94.2,93.1,110.7,107.9,1.3,4.5,96.2,96.2,77.7,72.9,19.1,21,34.5,12.1
"Belarus","EasternEurope",207600,9468,46.7,87,54609,-3.9,5750.8,7.5,38.9,9.6,32,0.5,122,122,23414,27464,NA,76.7,NA,1.6,3.6,5.7,4.1,4.9,54,67.8,101.3,101.4,106.4,107.8,63.5,6.7,94.1,95.2,77.7,66.5,16.7,21.3,1082.9,11.4
"Belgium","WesternEurope",30528,11429,377.5,97.3,455107,1.5,40277.8,0.7,22.2,1.2,21.2,8.3,108,107,398033,372713,0.6,97.9,0.5,1.8,3.5,10.6,3,6.6,48.1,58.9,104.2,104.2,177.7,156.4,93.4,8.3,99.5,99.4,83,78,17.1,24.6,1387.9,12.3
"Belize","CentralAmerica",22966,375,16.4,99.2,1721,1.2,4789.4,14.6,18.5,16.1,15.9,11.5,97,97,246,952,2.2,44,1.9,2.6,14.3,5.8,NA,6.4,56.7,83.8,110.4,115.8,81.8,79.8,0.5,1.4,93.5,88.2,72.7,67.2,31.4,6.2,53.9,15
"Benin","WesternAfrica",114763,11176,99.1,99.5,8476,5.2,779.1,23.2,24.9,43.2,10.2,1,152,158,410,2630,2.8,44,3.7,5.2,67.7,4.6,0.1,4.4,70,73.4,123.7,134.2,46.8,66.7,6.3,0.6,35.6,7.3,61.4,58.5,42.7,5,245.4,2.3
"Bermuda","NorthernAmerica",53,61,1227,91.4,5853,0.4,94399.9,0.7,5.3,1.6,10.3,6.7,115,115,8,971,-0.6,100,0.2,1.5,-99,-99,-99,1.7,72.6,80,89.4,91.3,75.5,67.7,0.6,9.2,-99,NA,85.1,77.5,14.8,24.9,19.1,30.8
"Bhutan","SouthernAsia",38394,808,21.2,113.1,2074,5.2,2677.1,17.2,43.9,56.6,9.7,2.4,98,98,616,1688,1.6,38.6,3.7,2.2,30.5,3.6,0.3,7.4,59.4,73.5,96.9,96.6,87.1,81.4,1,1.3,77.9,33.1,68.9,68.6,26.5,7.3,51.1,6.6
"Bolivia (Plurinational State of)","SouthAmerica",1098581,11052,10.2,100.2,32998,4.8,3076.8,12.6,31,29.5,21.1,3.8,142,143,6969,8374,1.6,68.5,2.3,3,42.9,6.3,0.5,7.3,64.1,82.6,95.7,98.5,85.7,87.1,20.4,1.9,60.8,27.5,70.2,65.3,31.6,9.5,143,1.3
"Bonaire, Sint Eustatius and Saba","Caribbean",-99,25,77.4,-99,-99,-99,-99,-99,-99,-99,-99,-99,-99,-99,-99,-99,3.2,74.7,2.4,-99,-99,-99,-99,-99,-99,NA,-99,NA,-99,NA,0.3,13.3,-99,NA,-99,NA,-99,NA,13,52.3
"Bosnia and Herzegovina","SouthernEurope",51209,3507,68.8,96.4,16251,3.1,4265,7.3,26.5,18,30.4,25.4,96,97,5327,9130,-1,39.8,0.1,1.3,7.6,9.6,1.9,-99,34.3,57.5,-99,NA,-99,NA,22.2,5.8,98.9,92,78.8,73.7,14.1,23.4,34.8,0.9
"Botswana","SouthernAfrica",582000,2292,4,97.7,14391,-0.3,6360.6,2.4,33.4,25.7,14.9,18.6,110,110,7321,6103,1.8,57.4,1.3,2.9,35.2,5.4,0.4,NA,73.6,81.6,105.8,109.4,NA,NA,7,3.2,78.5,43.1,66.1,59.8,31.4,6.4,160.6,7.1
"Brazil","SouthAmerica",8515767,209288,25,96.6,1772591,-3.8,8528.3,5.2,22.7,15.2,21.5,12.4,135,136,185235,137552,0.9,85.7,1.2,1.8,15.8,8.3,1.9,6,56,78.2,113.8,116.8,102.2,97.2,529.8,2.6,88,51.5,78.4,71,21.7,12.6,713.6,0.3
"British Virgin Islands","Caribbean",151,31,208,97.1,908,-1.1,30144.5,1,11.1,NA,NA,-99,103,103,NA,444,2,46.2,1.8,NA,-99,-99,-99,6.6,-99,NA,-99,NA,-99,NA,0.2,6,97.5,97.5,NA,NA,NA,NA,17.3,57.5
"Brunei Darussalam","South-easternAsia",5765,429,81.3,106,12930,-0.6,30552.7,1.1,60.2,0.6,19.4,2.1,157,157,4875,2679,1.4,77.2,1.8,1.9,6.5,2.6,1.5,4.4,50.6,75,108.2,108.1,96.3,95.9,9.1,21.8,-99,NA,78.4,75.1,23,8,102.7,24.3
"Bulgaria","EasternEurope",111002,7085,65.3,94.6,48953,3,6846.8,5.1,27.6,6.5,29.4,8.1,117,119,26088,28875,-0.6,73.9,-0.3,1.5,8.3,8.4,4,4.1,48.5,60.1,96.7,97.7,97.4,100.5,42.4,5.9,86.8,83.7,77.8,70.8,14.2,27.7,102.1,1.4
"Burkina Faso","WesternAfrica",272967,19193,70.2,99.5,11065,4.1,611.1,34.5,21.8,80,4.9,2.9,131,134,2019,3699,3,29.9,5.9,5.6,64.8,5,NA,4.1,76.5,90.5,86.1,89.9,32.2,35.1,2.8,0.1,50.4,6.7,59.3,58,45.2,3.9,704.7,3.9
"Burundi","EasternAfrica",27830,10864,423.1,96.9,2735,-4.1,244.6,36.3,13.9,91.1,2.6,1.7,109,122,123,625,3,12.1,5.7,6,77.8,7.5,NA,5.4,84.6,82.7,124.5,123.1,40.5,44.5,0.4,NA,43.8,48.6,58,54.2,45,4.4,286.8,2.6
"Cabo Verde","WesternAfrica",4033,546,135.6,99.3,1603,1.5,3080.2,9.5,19.8,27.2,11.5,10.5,98,98,29,485,1.2,65.5,2,2.5,22.5,4.8,0.3,5,53.7,84.6,106.9,112.8,98.3,87.7,0.5,1,81.6,54.3,74,70.1,30.2,6.9,14.9,2.9
"Cambodia","South-easternAsia",181035,16005,90.7,95.3,18050,7,1158.7,28.2,29.4,42.4,19.6,0.3,175,177,13204,15313,1.6,20.7,2.6,2.7,29.9,5.7,0.2,1.9,75.6,87,116.2,117.1,NA,NA,6.7,0.4,88.1,30.5,69.6,65.5,31.3,7.1,74,0.5
"Cameroon","MiddleAfrica",475650,24054,50.9,100.2,28416,5.8,1217.3,22.7,28.3,61.8,8.7,4.6,155,160,2130,4899,2.7,54.4,3.6,5,67.5,4.1,NA,3,71.1,81.2,110.7,123.5,53.5,62.6,7,0.3,61.8,26.8,57.7,55.1,42.7,4.8,382,1.6
"Canada","NorthernAmerica",9984670,36624,4,98.5,1552808,0.9,43205.6,1.8,28.6,2.1,19.5,7.1,109,109,388911,402954,1,81.8,1.2,1.6,4.7,10.4,2.5,5.3,60.7,69.9,101.1,100.1,110,109.8,537.2,15.1,100,99,83.8,79.7,16,23.5,7835.5,21.8
"Cayman Islands","Caribbean",264,62,256.5,100.4,3726,0.7,62132,0.3,7.5,0.8,15.5,6.3,104,104,18,991,1.5,100,1.5,NA,-99,-99,-99,-99,80.6,85.6,-99,NA,-99,NA,0.5,9.2,95.6,NA,NA,NA,18.3,6.7,23.7,39.6
"Central African Republic","MiddleAfrica",622984,4659,7.5,97.3,1633,4.8,333.2,34.9,24.8,72.2,4.3,6.9,114,113,213,147,0.4,40,2.6,5.1,93.5,4.2,NA,1.2,71.9,84.6,79.8,107.3,11.8,23,0.3,0.1,43.6,7.2,51,47.8,43.2,5.5,81.6,1.7
"Chad","MiddleAfrica",1284000,14900,11.8,100.2,10009,6.6,713,25.4,39,76.6,2,5.8,146,151,1990,1371,3.3,22.5,3.4,6.3,91.2,3.6,NA,2.8,64,79.3,88,114.6,14,30.7,0.7,NA,31.4,6.5,52.8,50.5,47.1,4,517,3.7
"Channel Islands","NorthernEurope",180,165,870.1,98.4,-99,-99,-99,-99,-99,5,24.5,8.7,-99,-99,-99,-99,0.5,31.5,0.8,1.5,7.9,-99,-99,-99,49.9,65.4,-99,NA,-99,NA,-99,NA,-99,NA,82.4,78.7,14.5,24.5,82.3,50.3
"Chile","SouthAmerica",756102,18055,24.3,98.2,240796,2.3,13416.2,3.9,32.8,9.6,22.9,6.8,111,111,59884,58804,0.9,89.5,1.1,1.8,7.4,7.8,NA,4.9,50.7,74.7,100,103.3,101.3,100,82.6,4.7,100,90.9,81.3,76.2,20.3,16,469.4,2.6
"China, Hong Kong SAR","EasternAsia",1106,7365,7014.2,85.1,309236,2.4,42431,0.1,7.2,0.2,14.9,3.5,34,34,516588,547124,0.6,100,0.7,1.2,1.6,-99,-99,3.3,52.6,67.8,-99,NA,98.8,102.8,46.2,6.4,-99,NA,86.4,80.5,11.5,23.5,2838.7,38.9
"China, Macao SAR","EasternAsia",30,623,20821.6,92.3,46178,-20.3,78586.4,-99,6.6,0.3,17.7,3.2,86,86,1257,8924,2.3,100,1.8,1.2,3,-99,-99,2,65.6,76.4,99.7,101.1,95.9,97,1.3,2.2,-99,NA,86.2,80.3,13.3,16.1,342.7,58.3
"China","EasternAsia",9600000,1409517,150.1,106.3,11158457,6.9,8109.1,9.2,41.1,27,23.9,4.6,132,133,2118981,1588696,0.5,55.6,3,1.6,11.6,5.5,1.5,-99,63,77.7,104.3,104,95.6,93.2,10291.9,7.5,86.6,63.7,77.2,74.2,17.7,16.2,978,0.1
"Colombia","SouthAmerica",1141748,49066,44.2,96.8,292080,3.1,6056.1,6.8,34,13.5,16.6,10.5,114,115,31045,44831,1,76.4,1.7,1.9,17.9,7.2,NA,4.5,58,79.8,111.6,115.4,101.5,94.8,84.1,1.8,85.2,67.9,77.4,70.2,23.5,11.6,133.1,0.3
"Comoros","EasternAfrica",2235,814,437.4,101.8,1079,4.8,1368.9,30.7,4,62,5.2,20,107,107,20,193,2.4,28.3,2.7,4.6,58.1,6.7,NA,4.3,35.7,79.5,99.5,106.8,62.4,58.4,0.2,0.2,48.3,30.9,64.5,61.2,39.8,4.9,12.6,1.6
"Congo","MiddleAfrica",342000,5261,15.4,100.1,8493,1.2,1838.1,4.7,70,40.7,25.8,11.5,106,106,2540,9793,2.6,65.4,3.2,4.9,46.5,5.2,NA,NA,67.1,72.6,114.8,107,50.6,58.4,3.1,0.7,20,5.6,64.1,61,42.3,5.2,393,8.5
"Cook Islands","Polynesia",236,17,72.4,97.4,294,5.5,14118.7,8.1,9,4.3,11.7,8.2,91,91,14,98,-1.2,74.5,0.9,2.6,3.6,3.4,NA,3.9,65.4,76.6,99.3,106,90.1,83,0.1,3.4,97.6,97.6,79.6,71.7,26.9,14.2,4.2,19.9
"Costa Rica","CentralAmerica",51100,4906,96.1,100.1,52958,3.7,11015,5.1,21.5,11.6,19.1,8.6,127,129,9908,15322,1.1,76.8,2.7,1.9,9.3,9.3,1.2,7.2,46.9,76.5,109.5,110.1,125.6,120.7,7.8,1.6,95.2,92.3,81.7,76.7,21.6,13.6,421.7,8.8
"Croatia","SouthernEurope",56594,4189,74.9,93.1,48676,1.6,11479.4,4.1,26.6,9.2,26.8,11.7,91,91,13648,21830,-0.4,59,0.1,1.5,3.9,7.8,3.1,4.6,46.3,58.4,98.1,97.8,100.6,95.9,16.8,4,97.8,95.8,80.4,73.6,14.7,26.8,576.9,13.6
"Cuba","Caribbean",109884,11485,107.9,100.1,87206,4.4,7656.6,5,20.5,12.9,11.7,3,100,101,18000,4911,0.2,77.1,0.1,1.7,5.5,11.1,7.5,NA,42.1,68.3,94.9,100.1,102.7,98.2,34.8,3,94.4,89.1,81.3,77.1,16,20.1,13.3,0.1
"Cyprus","WesternAsia",9251,1180,127.7,100.2,19561,1.7,21941.9,2.3,10.6,4.1,16.7,10.3,80,80,1920,6604,0.9,66.9,0.9,1.4,4.2,7.4,2.5,6.1,57.8,70.4,99.3,99.3,99.4,100.1,6.1,5.2,100,100,82.2,77.7,16.8,18.5,196.2,16.8
"Czechia","EasternEurope",78868,10618,137.5,96.7,185156,4.5,17561.7,2.5,37.8,2.5,37,3.9,102,102,161248,140316,0.1,73,0.3,1.5,2.5,7.4,3.7,4.1,51.3,67.8,99.9,99.6,106.1,105.1,96.5,9.2,99.1,99.2,81.2,75.1,15.4,25.6,405.1,3.8
"Democratic People's Republic of Korea","EasternAsia",120538,25491,211.7,95.7,16283,-1.1,648,21.6,46.2,58.9,19.3,4.3,104,103,1010,2757,0.5,60.9,0.7,2,18.5,-99,2.8,-99,73.6,85.9,76.9,76.7,93.9,92.9,40.5,1.6,87.9,72.5,74.1,67.2,20.6,13.5,48.5,0.2
"Democratic Republic of the Congo","MiddleAfrica",2344858,81340,35.9,99.6,37569,7,486.2,19.9,44.2,65.3,5.9,3.6,104,104,5103,5906,3.3,42.5,4,6.4,73.2,4.3,NA,2.2,70.4,71.8,101.8,112,33.3,53.6,4.7,0.1,28.5,28.7,59.5,56.7,46.3,4.7,545.7,0.7
"Denmark","NorthernEurope",42921,5734,135.1,99,301308,1.6,53149.3,1.2,22.9,2.4,19.2,6,105,105,94355,85133,0.5,87.7,0.6,1.7,3.5,10.8,3.6,8.6,58.1,66,100.7,102.3,133.4,128.3,33.5,5.9,99.6,99.6,82.2,78.1,16.5,25.3,572.5,10.1
"Djibouti","EasternAfrica",23200,957,41.3,100.7,1737,6.5,1956.3,3.3,21.4,22.8,23.9,6.6,133,133,134,987,1.7,77.3,1.6,3.1,55.3,10.6,0.2,NA,36.5,68.5,60.9,68.6,43.5,52.9,0.7,0.8,59.8,5.1,63.2,60,31.1,6.4,112.4,12.7
"Dominica","Caribbean",750,74,98.6,103,512,-1.8,7051.1,15.4,13.2,NA,NA,NA,110,111,23,214,0.5,69.5,0.8,NA,-99,5.5,NA,-99,NA,NA,114.8,117.2,99.8,101.2,0.1,1.9,NA,NA,NA,NA,NA,NA,6.7,9.2
"Dominican Republic","Caribbean",48671,10767,222.8,99.2,67103,7,6373.6,6.6,28,13.1,16.9,14.4,136,138,3747,22725,1.2,79,2.6,2.5,25.1,4.4,1.5,NA,52.3,78.6,98.7,108.1,81.7,74.1,21.5,2.1,86.2,75.7,76.4,70.2,29.3,10.2,415.6,3.9
"Ecuador","SouthAmerica",257217,16625,66.9,99.9,100177,0.2,6205.1,10.1,34.1,25.7,19.2,5.8,118,119,16798,16189,1.6,63.7,1.9,2.6,21.1,9.2,1.7,5,49.1,79.9,107.9,107.4,109.2,105.3,43.9,2.8,87,80.7,78.4,72.8,28.4,10.5,387.5,2.4
"Egypt","NorthernAfrica",1002000,97553,98,102.3,315917,4.2,3452.3,11.2,36.3,25.4,25.3,11.5,120,122,22507,58053,2.2,43.1,1.7,3.4,18.9,5.6,0.8,NA,23.1,76.2,103.8,104.1,85.9,86.3,201.9,2.2,96.8,93.1,73,68.7,33.5,7.9,491.6,0.5
"El Salvador","CentralAmerica",21041,6378,307.8,88.5,25850,2.5,4219.4,10.8,25.8,18.6,20.2,6.4,111,117,5335,9855,0.5,66.7,1.4,2.2,17,6.8,NA,3.5,49.5,79.5,106.8,111.4,79.7,79.2,6.3,1,82.4,60,77.1,67.9,27.4,11.6,42,0.7
"Equatorial Guinea","MiddleAfrica",28052,1268,45.2,124,13812,-7.4,16344.1,1.2,73.1,18.8,18,7.7,117,118,7443,5456,4.2,39.9,3.1,5,70,3.8,NA,-99,71.5,91.8,78.2,80,NA,NA,5.3,6.5,79.9,71,58.4,55.5,37.2,4.4,10.8,1.3
"Eritrea","EasternAfrica",117600,5069,50.2,100.4,4783,4.8,914.9,17.2,23.5,57,7.6,7.3,109,109,16,3325,2,22.6,5.1,4.4,45,3.3,NA,NA,77.8,90.1,45.9,53.2,28.1,32.9,0.7,0.1,44.6,7.3,65.6,61.4,41.8,5.3,15.9,0.3
"Estonia","NorthernEurope",45227,1310,30.9,88.2,22460,1.4,17112,3.4,27.4,3.8,29,7.2,136,136,13952,15759,-0.3,67.5,-0.4,1.6,3.2,6.4,3.3,5.5,55.4,69.4,98.5,98.3,114.7,115.6,19.5,14.8,97.5,96.6,81.2,71.8,16.4,25.9,202.3,15.4
"Ethiopia","EasternAfrica",1104300,104957,105,99.7,59917,9.6,602.8,40.5,16,70.5,8.4,5.7,158,157,1724,19121,2.6,19.5,4.9,4.6,45.8,4.9,NA,4.5,77.1,89.1,97.2,106.9,34.4,35.9,11.6,0.1,27.2,28.2,65.5,61.9,40.6,5.3,1072.9,1.1
"Falkland Islands (Malvinas)","SouthAmerica",12173,3,0.2,110.5,-99,-99,-99,-99,-99,-99,-99,1.2,96,105,4,17,0.3,76.2,1,-99,-99,-99,-99,-99,77.2,86,-99,NA,-99,NA,0.1,18.9,-99,NA,-99,NA,16.4,15.7,1.6,54.1
"Faroe Islands","NorthernEurope",1393,49,35.3,107.2,-99,-99,-99,-99,-99,NA,NA,4,102,102,1192,976,0.2,42,0.5,2.4,-99,-99,-99,-99,79.4,86,-99,NA,-99,NA,0.6,12.4,-99,NA,84.5,78.3,21,22.5,5.5,11.4
"Fiji","Melanesia",18272,906,49.6,103.1,4391,3.6,4921.9,11.3,18.1,21.3,2.9,7.7,88,88,926,2316,0.7,53.7,1.5,2.6,16,4.5,NA,3.9,37,71.2,105.1,106,93.4,84.3,1.2,1.3,93.4,88.4,72.9,66.9,28.5,9.9,13.8,1.5
"Finland","NorthernEurope",338440,5523,18.2,97.2,231960,0.2,42148.1,2.5,26.8,4.2,22,8.9,101,101,57326,60502,0.4,84.2,0.5,1.8,2.3,9.7,3,7.2,54.5,61.7,101.4,101.7,156.3,142.8,47.3,8.6,99.4,88,83.7,77.7,16.4,27.8,315.9,5.7
"France","WesternEurope",551500,64980,118.7,96.7,2418946,1.3,36304.2,1.7,19.5,2.7,20.5,9.8,103,103,488885,560555,0.4,79.5,0.8,2,3.4,11.5,3.2,5.5,50.3,59.4,105,105.7,111.2,110.1,303.3,4.7,98.6,98.9,85,78.8,18.1,25.7,7784.4,12.1
"French Guiana","SouthAmerica",83534,283,3.4,100,-99,-99,-99,-99,-99,-99,14.9,21.3,120,120,-99,-99,2.8,84.4,2.8,3.5,9.3,-99,-99,-99,48.4,58.8,-99,NA,-99,NA,0.7,2.8,94.9,75.8,82.6,76.1,33.2,8.4,106.1,39.5
"French Polynesia","Polynesia",4000,283,77.3,103.7,5135,1.6,18161,2.8,11.9,8.9,16.9,17,98,98,173,1491,0.7,55.9,0.9,2.1,6.9,-99,-99,-99,46.4,63,-99,NA,-99,NA,0.8,2.9,98.5,98.5,78.6,74,23.3,11.9,30.1,10.6
"Gabon","MiddleAfrica",267668,2025,7.9,105.6,13735,3.9,7960.7,3.8,54.5,16.2,19.1,18.1,97,92,2851,2930,3.3,87.2,2.7,4,40.8,3.4,NA,2.7,40.7,58.3,139.9,144,-99,NA,5.2,3.1,43.4,31.5,65.8,63.1,35.9,6.4,268.4,15.6
"Gambia","WesternAfrica",11295,2101,207.6,98,942,4.7,473.2,21.1,14.9,30.4,14.4,29.7,82,82,32,471,3.1,59.6,4.3,5.6,49.8,7.3,NA,2.8,72.2,82.6,96.8,90.1,NA,NA,0.5,0.3,61.5,55,61.6,59.1,45.3,3.8,192.5,9.7
"Georgia","WesternAsia",69700,3912,56.3,91.4,13965,2.8,3491.4,9,24.1,44.7,11.2,11.4,85,86,2114,7236,-1.4,53.6,-0.1,2,11.2,7.4,4.8,2,57.9,79,118.2,115.5,103.8,103.6,9,2.2,95.2,75.9,77,68.5,19.2,20.8,168.8,4.2
"Germany","WesternEurope",357376,82114,235.6,97,3363600,1.7,41686.2,0.6,30.5,1.4,27.5,4.2,111,111,1340752,1060672,0.2,75.3,0.2,1.4,3.4,11.3,4.1,5,54.5,66.1,104.7,105.2,99.6,105.6,719.9,8.9,99.3,99,82.9,77.9,13.1,28,12005.7,14.9
"Ghana","WesternAfrica",238537,28834,126.7,99.3,37156,3.9,1355.6,19,26.9,41.9,14.2,5.9,144,144,7221,11939,2.4,54,3.4,4.2,46.5,3.6,NA,6.2,75.7,78.8,108.7,107.3,61.1,63.1,14.5,0.6,20.2,8.6,62.6,60.7,38.5,5.3,399.5,1.5
"Gibraltar","SouthernEurope",6,35,3457.1,101.8,-99,-99,-99,-99,-99,-99,-99,-99,-99,-99,234,533,0.6,100,0.1,-99,-99,-99,-99,-99,NA,NA,-99,NA,-99,NA,0.5,16.5,-99,NA,NA,NA,18.1,22.4,11.1,34.3
"Greece","SouthernEurope",131957,11160,86.6,96.9,194860,-0.2,17788,4.1,15.7,12.9,15,23,86,87,27811,47595,-0.4,78,0.5,1.3,3.3,8.1,6.3,NA,44.1,60.1,97.1,98.1,103.4,109.5,67.3,6.1,99.2,98.1,83.3,78,14.2,26.5,1242.5,11.3
"Greenland","NorthernAmerica",2166086,56,0.1,112.1,2078,0.3,36976.7,10,15.9,4.6,12.6,9.7,99,99,553,623,-0.1,86.4,0.7,2,-99,-99,-99,-99,-99,NA,-99,NA,-99,NA,0.5,9,100,100,73.4,68.7,21,13.2,6,10.7
"Grenada","Caribbean",345,108,317.1,100.9,954,6.2,8933.8,8.3,13.9,-99,-99,NA,103,103,30,350,0.4,35.6,0.3,2.2,9.6,6.1,NA,NA,-99,NA,102.9,106.8,99,99.4,0.2,2.3,97.5,98.3,75.6,70.8,26.3,10.5,7.1,6.6
"Guadeloupe","Caribbean",1705,450,266,86.4,-99,-99,-99,-99,-99,3.3,13.5,26.1,100,100,-99,-99,NA,98.4,0.5,2,5.8,-99,-99,-99,49.6,56.5,-99,NA,-99,NA,2.6,5.5,97,89.5,84,76.8,18.6,23.6,98.5,21
"Guam","Micronesia",549,164,304.1,102.6,-99,-99,-99,-99,-99,0.2,14,10.7,88,88,-99,-99,0.3,94.5,1.4,2.4,9.6,-99,-99,-99,55.2,68.7,-99,NA,-99,NA,-99,NA,89.8,89.8,81.5,76.4,24.7,14,76.1,44.8
"Guatemala","CentralAmerica",108889,16914,157.8,96.9,63794,4.1,3903.5,10.8,27.2,32,18.5,2.4,158,158,10572,16987,2.1,51.6,3.4,3.2,26.9,6.2,NA,3,41.7,84,99.8,103.8,63.3,67.9,18.3,1.1,77.5,49.3,75.6,69.2,35.1,6.9,76.4,0.5
"Guinea-Bissau","WesternAfrica",36125,1861,66.2,96.9,978,4.8,530,45,14.5,60.1,5.8,6.5,137,138,885,212,2.6,49.3,4.1,4.9,80.4,5.6,NA,2.2,67.4,78.5,NA,NA,NA,NA,0.3,0.1,33.5,8.5,57.7,54.3,41.5,4.9,22.3,1.2
"Guinea","WesternAfrica",245857,12717,51.8,100.6,8875,0.1,703.9,19.8,32.8,69.7,7.4,6.8,130,131,1753,2082,2.3,37.2,3.8,5.1,65.7,5.6,NA,3.2,79.4,85.1,83.8,98.6,30.7,46.8,2.4,0.2,34.1,11.8,58.4,57.4,42.3,5.2,228.4,1.8
"Guyana","SouthAmerica",214969,778,4,101.9,3282,3.1,4278.8,17.6,31.7,18.4,25.4,11.3,142,143,1453,1625,0.6,28.6,0.8,2.6,33.2,5.2,NA,3.2,41.9,77,83.9,86.9,89,89.7,2,2.6,87.9,82,68.6,64,29,8.6,15.4,2
"Haiti","Caribbean",27750,10981,398.4,97.8,8501,1.7,793.7,16.7,38.2,46.9,12.6,12.9,163,166,984,3316,1.4,58.6,3.8,3.1,46.9,7.6,-99,-99,62,71.7,-99,NA,-99,NA,2.9,0.3,33.6,19.2,64.4,60.2,33,7.3,39.5,0.4
"Holy See","SouthernEurope",NA,1,1800,219.2,-99,-99,-99,-99,-99,-99,-99,-99,-99,-99,-99,-99,NA,100,NA,-99,-99,-99,-99,-99,-99,NA,-99,NA,-99,NA,-99,NA,-99,NA,-99,NA,-99,NA,0.8,100
"Honduras","CentralAmerica",112492,9265,82.8,99.4,20365,3.6,2521.9,13,25.1,29.4,21.6,5.6,122,119,3657,8448,1.8,54.7,3.1,2.6,27.8,8.7,NA,5.9,47.6,84.5,110.1,111.3,77,64.8,9.5,1.2,86.7,77.7,75.4,70.4,31.6,7,28.1,0.3
"Hungary","EasternEurope",93024,9722,107.4,90.7,121715,3.1,12350.6,4.1,31.9,4.3,29.8,4.5,99,99,103071,92044,-0.3,71.2,0.5,1.3,4.9,7.4,3.3,4.7,46.6,62.4,101.3,101.9,105.3,105.1,42.1,4.3,97.8,98.6,78.8,71.7,14.3,26,449.6,4.6
"Iceland","NorthernEurope",103000,335,3.3,100.7,16780,4.2,50936,6.4,24,4,17.7,3.6,117,117,4450,5703,0.6,94.1,1.3,2,1.6,8.9,3.8,7.8,70.3,77.2,98.6,99.7,121,116.3,2,6.1,98.7,100,83.8,80.6,20.1,20.1,37.5,11.4
"India","SouthernAsia",3287263,1339180,450.4,107.6,2116239,7.6,1614.2,17,29.7,44.3,24.5,3.4,143,142,260327,356705,1.2,32.7,2.4,2.4,41.3,4.7,0.7,3.8,27,79.1,115.1,102.8,74.5,73.5,2238.4,1.7,62.6,28.5,69.1,66.2,27.8,9.4,5241,0.4
"Indonesia","South-easternAsia",1910931,263991,145.7,101.4,861934,4.8,3346.5,14,41.3,31.4,22.4,5.8,139,140,144490,135653,1.2,53.7,2.7,2.4,25,2.8,0.2,3.6,51,83.7,104.4,107.2,86,85.7,464.2,1.8,72.3,47.5,70.7,66.6,27.4,8.6,328.8,0.1
"Iran (Islamic Republic of)","SouthernAsia",1628750,81163,49.8,101.2,398563,0.4,5038.1,8.6,39.1,16.6,32.5,11.3,106,107,45627,35333,1.2,73.4,2.1,1.7,14.8,7.5,1.5,2.9,16.3,73.2,111.7,106.3,88.9,89.4,649.5,8.3,92.8,82.3,76.2,74,23.7,8.8,2726.4,3.4
"Iraq","WesternAsia",435052,38275,88.1,102.5,164234,-2.4,4509,4.6,58,20.4,21,16.1,123,123,27341,45831,3.2,69.5,3,4.6,32.1,5.5,0.9,-99,15.3,69.9,NA,NA,NA,NA,168.4,4.8,86.4,83.8,71.4,67,40.4,5,353.9,1
"Ireland","NorthernEurope",69797,4762,69.1,98.4,283716,26.3,60513.6,1,41.7,4.8,17.7,7.6,102,102,129315,76997,0.3,63.2,1.6,2,3.4,7.8,2.8,5.3,51.9,67.1,102,100.9,129.4,125.6,34.1,7.3,89.1,92.9,83,78.7,21.6,19.1,746.3,15.9
"Isle of Man","NorthernEurope",572,84,147.9,98.2,-99,-99,-99,-99,-99,NA,NA,2.6,-99,-99,-99,-99,0.8,52.2,0.8,-99,-99,-99,-99,-99,57.5,69.3,-99,NA,-99,NA,-99,NA,-99,NA,-99,NA,16,26.9,45.2,51.5
"Israel","WesternAsia",22072,8322,384.5,98.7,299413,2.5,37129.4,1.3,21.2,1,17.9,5.9,112,112,60571,65803,1.6,92.1,1.4,3,3.4,7.8,3.6,5.8,58.5,69,105.1,104.4,103,102,64.6,8.1,100,100,83.7,80,27.9,16.1,2011.7,24.9
"Italy","SouthernEurope",302073,59360,201.8,95.1,1821580,0.7,30462.4,2.2,23.5,3.5,27.1,11.4,89,89,461529,404578,-0.1,69,0.4,1.4,3,9.2,3.9,4.1,39.2,57.8,100.6,101.4,101.7,104.1,320.4,5.4,99.5,99.6,84.7,79.9,13.5,29.4,5788.9,9.7
"Jamaica","Caribbean",10990,2890,266.9,99,14262,1,5105.8,7.1,22.3,17.9,15.3,13.1,102,102,1202,4767,0.4,54.8,0.9,2.1,15,5.4,NA,5.5,58.1,72.7,NA,NA,85.1,79.2,7.4,2.7,79.9,84.1,77.9,73.1,22.7,13.6,23.2,0.8
"Japan","EasternAsia",377930,127484,349.7,95.4,4383076,1.2,34628.7,1.2,26.4,3.7,26.5,3,96,97,644932,606924,-0.1,93.5,0.6,1.4,2.2,10.2,2.3,3.6,48.9,69.7,101.2,101.3,101.9,101.6,1214,9.6,100,100,86.4,80,12.9,33.4,2043.9,1.6
"Jordan","WesternAsia",89318,9702,109.3,102.6,37517,2.4,4940.1,4,27.7,2,17.8,13.4,134,135,7509,19207,4.9,83.7,3.8,3.6,17.1,7.5,2.6,-99,14.5,64.5,97.6,97.1,84.8,80.2,26.5,3.6,98.6,98.9,75.5,72.2,35.5,5.7,3112,41
"Kazakhstan","CentralAsia",2724902,18204,6.7,93.9,181754,1.2,10312.1,5,32.5,18.1,20.4,5.6,126,127,36775,25175,1.6,53.2,0.9,2.7,14.1,4.4,3.3,2.8,66.3,77.5,109.1,108.8,113.5,110.6,248.3,14.3,97,98.1,73.9,64.3,27.9,11.1,3546.8,20.1
"Kenya","EasternAfrica",591958,49700,87.3,98.8,63399,5.6,1376.7,32,19,61.9,8.6,10.8,126,126,5688,14109,2.7,25.6,4.3,4.1,39.4,5.7,0.2,5.3,62.4,72.4,108.7,109.3,NA,NA,14.3,0.3,31.2,29.7,67.8,63,40.5,4.3,1084.4,2.4
"Kiribati","Micronesia",726,116,143.7,97.3,162,3.7,1442.9,24.1,13.6,NA,NA,NA,61,61,3,116,1.8,44.3,1.8,3.8,46.9,10.2,0.2,NA,NA,NA,106.1,102.9,NA,NA,0.1,0.6,51.2,30.6,68.9,62.4,35,6.4,3.2,2.8
"Kuwait","WesternAsia",17818,4136,232.1,134.9,114054,1.8,29303.9,0.6,48.7,2.6,27.3,2.2,199,199,46238,30825,5.4,98.3,3.6,2,8.4,3,1.9,NA,47.7,83.6,103,102.4,102.7,88.2,95.4,25.4,100,100,75.5,73.5,21.1,4.9,2866.1,73.6
"Kyrgyzstan","CentralAsia",199949,6045,31.5,98.4,6572,3.5,1106.4,15.4,25.9,29.2,21,7.7,108,110,1423,3844,1.6,35.7,1.6,3.1,19.6,6.5,1.9,5.5,49.7,77.5,106.8,107.9,92.8,91.4,9.6,1.7,89.1,95.6,74.3,66.4,31.8,7.6,204.4,3.4
"Lao People's Democratic Republic","South-easternAsia",236800,6858,29.7,99.5,12585,7.6,1850.2,23.6,32.8,78.3,4,1.5,193,186,2066,4513,1.3,38.6,4.9,2.9,47.3,1.9,0.2,3.3,77.9,77.8,109.1,113.5,59.3,64.1,2,0.3,94.5,56,66.8,63.9,32.9,6.3,22.2,0.3
"Latvia","NorthernEurope",64573,1950,31.3,84.9,27004,2.7,13704.1,3.2,23.3,7.3,23,9.6,130,130,11433,13596,-1.2,67.4,-0.7,1.5,6.5,5.9,3.2,5.3,54.5,67.7,99.2,100.1,119.1,119.9,7,3.5,90.8,81.5,78.7,68.8,15.4,26.2,263.1,13.4
"Lebanon","WesternAsia",10452,6082,594.6,100.6,50149,1.5,8571.4,3.2,19.6,8.2,22.4,7,95,95,3402,20409,6,87.8,3.2,1.7,9.2,6.4,2.4,2.6,23.8,70.6,88.3,96.6,61,61.5,24.1,4.3,80.7,80.7,80.9,77.3,23.1,12,1997.8,34.1
"Lesotho","SouthernAfrica",30355,2233,73.6,94.4,2008,2.8,940.6,7.7,31.3,39.7,20,27.5,101,100,648,1727,1.3,27.3,3,3.3,59.8,10.6,NA,NA,59.7,74.6,104,107,62,45.7,2.5,1.2,37.3,27.6,54.7,50.1,35.4,6.7,6.6,0.3
"Liberia","WesternAfrica",111369,4732,49.1,101.8,2053,0.3,455.9,70.8,11.4,45.3,11.7,4.1,104,121,641,727,2.6,49.7,3.4,4.8,59,10,NA,2.8,57.9,64.1,89.1,98.5,32.5,41.9,0.9,0.2,28,5.9,61.6,59.8,41.8,4.9,113.8,2.5
"Libya","NorthernAfrica",1676198,6375,3.6,101.7,34457,-10.2,5488.2,0.9,67.1,19.1,25.1,19.2,113,114,4615,8876,0.2,78.6,1.1,2.4,24.3,5,2.1,-99,27.8,78.4,NA,NA,NA,NA,57,9.1,96.8,95.7,74.4,68.8,28.2,6.6,771.1,12.3
"Liechtenstein","WesternEurope",160,38,237,98.4,6361,1.4,169491.8,0.7,40.1,-99,-99,2.6,102,102,-99,-99,0.8,14.3,0.5,1.5,-99,-99,-99,2.6,53.5,70.6,104.8,106.5,101.7,130.7,NA,1.1,-99,NA,-99,NA,14.9,22.7,23.5,62.6
"Lithuania","NorthernEurope",65286,2890,46.1,85.4,41402,1.8,14383.7,3.6,29.8,8.7,24.5,9.2,125,125,25025,27501,-1.3,66.5,-0.5,1.6,4.4,6.6,4.3,4.6,54.1,66.1,103.7,103.2,106.1,110.3,12.8,4.4,97.2,82.8,79.3,68.5,14.8,25.3,136,4.7
"Luxembourg","WesternEurope",2586,584,225.3,101,56802,3.5,100160.8,0.2,12.1,1.3,10.2,5.6,98,98,12838,19124,2.2,90.2,1.7,1.5,3.4,6.9,2.9,4.1,52,65.5,97.3,96.9,103.5,101.1,9.7,17.3,97.5,98.5,83.4,78.8,16.4,19.6,249.3,44
"Madagascar","EasternAfrica",587295,25571,44,99.5,9739,3.1,401.8,24.9,18.4,74.2,9.4,2.3,119,120,2256,2965,2.7,35.1,4.7,4.4,36.8,3,0.1,2.1,83.8,89,148.9,148.9,38.1,38.8,3.1,0.1,18,8.7,66,63,41,4.8,32.1,0.1
"Malawi","EasternAfrica",118484,18622,197.5,98.2,6420,3,372.9,26.1,16.6,69.9,4.8,6.8,149,150,875,1649,2.9,16.3,3.8,4.9,66.5,11.4,NA,5.6,81.3,81,147,144,41,45.8,1.3,0.1,47.3,39.8,63.1,58.2,44,4.3,215.2,1.2
"Malaysia","South-easternAsia",330323,31624,96.3,106.7,296284,5,9768.4,8.6,39.6,11.8,27.3,3.3,122,130,189414,168375,1.8,74.7,2.7,2.1,6.5,4.2,1.3,5,49.3,77.8,101.9,101.7,80.7,74.6,242.8,8.1,96.1,95.9,77.1,72.6,24.3,9.7,2514.2,8.3
"Maldives","SouthernAsia",300,436,1454.4,131.8,3435,2.8,9446.5,3.1,22,7.7,22.8,2.9,65,65,140,2128,2.8,45.5,4.5,2.2,9,13.7,NA,5.2,57.8,79.6,98.6,97.3,NA,NA,1.3,3.7,97.5,98.3,77.4,75.4,23.4,6.3,94.1,25.9
"Mali","WesternAfrica",1240192,18542,15.2,100.2,13100,7.6,744.3,39.9,19.6,56.7,14.7,8.1,154,157,3030,2510,2.9,39.9,5.1,6.4,78.5,7,NA,3.7,50.5,82.3,72.1,79.3,36.8,45.6,1.4,0.1,37.5,16.1,56.9,55.6,47.7,4,363.1,2.1
"Malta","SouthernEurope",315,431,1346.4,100.9,9747,6.2,23280.7,1.4,15,1.2,20.9,5.4,96,96,4039,7182,0.5,95.4,0.5,1.4,4.8,9.7,3.9,7.8,39.4,65.7,104.7,102.2,98.1,91.7,2.3,5.6,100,100,82,78.6,14.4,26.1,41.4,9.9
"Marshall Islands","Micronesia",181,53,295.2,104.5,183,0.6,3452.6,16.4,10.2,NA,NA,4.7,115,115,27,86,0.2,72.7,0.6,4.1,25.4,17.1,0.5,NA,29,53.3,93.3,93.5,80.4,73.1,0.1,1.9,84.5,56.2,72.5,71.3,39,5.5,3.3,6.2
"Martinique","Caribbean",1128,385,363.1,83.5,-99,-99,-99,-99,-99,3.9,11.8,22.8,78,78,-99,-99,-0.5,88.9,0.2,2,6.4,-99,-99,-99,52.6,53.8,-99,NA,-99,NA,2.3,5.8,94,72.7,84.4,77.8,17.7,25.7,61.7,15.6
"Mauritania","WesternAfrica",1030700,4420,4.3,101.6,5023,1.2,1235,20.9,41.7,40.3,9.5,12,125,125,1623,2174,2.9,59.9,3.5,4.9,68,3.8,NA,2.9,29.3,65.5,105,100,29.5,31.7,2.7,0.7,57.5,13.8,64.1,61.2,39.9,5,138.2,3.4
"Mauritius","EasternAfrica",1969,1265,623.2,97.9,11511,3.5,9040.9,2.9,22.7,7.3,25.2,7.6,96,96,2194,4655,0.2,39.7,-0.1,1.5,12,4.8,NA,4.9,46.9,74.3,103.9,102.2,97.9,93.6,4.2,3.3,93.9,92.6,77.7,70.7,18.4,16.6,28.6,2.2
"Mayotte","EasternAfrica",-99,253,674.8,96.7,-99,-99,-99,-99,-99,-99,-99,-99,-99,-99,NA,NA,2.8,47,1.9,4.1,4.2,-99,-99,-99,-99,NA,-99,NA,-99,NA,-99,NA,-99,NA,82.9,76,40.6,5.8,77,32.1
"Mexico","CentralAmerica",1964375,129163,66.4,99.2,1140724,2.5,8980.9,3.6,36,13.4,25.2,4.1,120,120,373883,387064,1.4,79.2,1.6,2.3,18.8,6.3,2.1,5.3,45.5,79.5,103.2,103.6,93.5,87.7,480.3,3.8,88,74.5,78.9,74,26.7,10.1,1193.2,0.9
"Micronesia (Federated States of)","Micronesia",702,106,150.8,105.1,315,3.7,3015.2,27.8,6.5,-99,-99,-99,99,99,6,40,0.2,22.4,0.3,3.3,33.2,13.7,NA,12.5,-99,NA,95.7,95.4,NA,NA,0.2,1.4,85.1,49,69.8,67.7,33.1,8,2.8,2.6
"Monaco","WesternEurope",2,39,25969.8,94.7,6258,5.4,165870.6,-99,13.4,-99,-99,NA,-99,-99,-99,-99,0.6,100,0.8,-99,-99,4.3,6.6,1,NA,NA,-99,NA,-99,NA,-99,NA,100,NA,-99,NA,NA,NA,21,55.8
"Mongolia","EasternAsia",1564116,3076,2,97.9,11758,2.3,3973.4,14.8,34.1,28.4,20.7,6.3,147,149,4917,3358,1.9,72,2.8,2.8,22.8,4.7,2.9,4.6,56.8,69.3,100,101.8,92.4,90.5,20.8,7.2,66.4,42.6,72.7,64.5,29.7,6.6,17.6,0.6
"Montenegro","SouthernEurope",13812,629,46.8,97.4,4020,4.5,6424.1,9.8,17.5,7.5,17.3,17.4,66,66,354,2263,0.1,64,0.3,1.7,4.1,6.4,2.3,-99,41.8,55.9,93.3,95.2,90.3,90.4,2.2,3.5,98,92.2,78.8,74,18.1,21.3,82.5,13.2
"Montserrat","Caribbean",103,5,51.8,106,59,0.4,11553.4,1.4,12.7,-99,-99,5.6,103,103,4,36,0.7,9,0.7,NA,-99,-99,-99,NA,NA,NA,NA,NA,NA,NA,NA,9.6,NA,NA,-99,NA,19.7,19.6,1.4,26.4
"Morocco","NorthernAfrica",446550,35740,80.1,98.1,100359,4.4,2919.3,13.7,28.9,32.6,20.7,10.4,130,130,22858,41696,1.4,60.2,2.3,2.6,28.1,5.9,0.6,NA,25.6,74.5,111.6,117.7,63.5,74.4,59.9,1.7,84.1,65.5,76,73.7,27.4,10.7,88.5,0.3
"Mozambique","EasternAfrica",799380,29669,37.7,95.5,14806,6.6,529.2,24.6,21,75,4.1,24.1,137,137,3352,5295,2.9,32.2,3.3,5.4,67.3,7,0.1,6.5,82.2,75.6,101.2,110.4,31.1,33.8,8.4,0.3,42.4,10.1,58.1,54,44.8,4.8,222.9,0.8
"Myanmar","South-easternAsia",676577,53371,81.7,95.5,62601,7.3,1161.5,26.7,34.5,23.6,14.6,0.8,130,128,11673,15696,0.9,34.1,2.5,2.3,45,2.3,0.6,-99,74.7,80.8,98.3,101,52,50.6,21.6,0.4,84.3,77.1,68.3,63.7,26.8,9.4,73.3,0.1
"Namibia","SouthernAfrica",824116,2534,3.1,94.7,11491,5.3,4673.6,6.6,30.6,29.1,14.6,24.9,88,89,4816,6721,2.2,46.7,4.2,3.6,36.4,-99,NA,NA,56.4,64.3,109.5,113.3,NA,NA,3.8,1.6,54.5,16.8,64.3,59.1,36.7,5.5,93.9,3.8
"Nauru","Micronesia",21,11,568,101.9,189,18.7,18469.2,3,59.9,-99,-99,23,112,112,-99,-99,2.3,100,0.2,3.9,18,3.3,NA,-99,49.3,78.9,100.4,109.5,83.4,81.9,NA,4.8,65.6,NA,64.8,57.8,39.5,4,3.2,31.1
"Nepal","SouthernAsia",147181,29305,204.4,94.3,20658,2.7,724.5,31.8,14.9,72.6,10.9,3,139,139,703,5249,1.2,18.6,3.2,2.3,32.8,5.8,NA,3.7,79.7,86.7,141.2,130.7,72.2,67.1,8,0.3,56,43.5,70.4,67.4,30.9,8.8,518.3,1.8
"Netherlands","WesternEurope",41542,17036,505.2,99,750318,2,44332.1,1.8,20,2.2,15.9,5.6,115,115,511714,420969,0.3,90.5,1,1.7,3.5,10.9,3.4,5.5,57.3,69.7,104.4,105,136.3,134.7,167.3,9.9,97.5,99.9,83.1,79.4,16.4,25,1979.5,11.7
"New Caledonia","Melanesia",18575,276,15.1,101.5,8937,3.2,33965.7,1.4,26,3,26.9,15.1,102,103,1344,2422,1.4,70.2,2.2,2.2,13,-99,-99,-99,45.5,66.9,-99,NA,-99,NA,4.3,16.5,100,100,79.3,73.7,22.5,14.2,64.3,24.4
"New Zealand","Oceania",268107,4706,17.9,96.7,173417,3.1,38294.3,6.5,23,5.9,21.4,5.5,116,118,33833,36423,1.1,86.3,1,2,4.4,11,2.9,6.4,62.1,72.8,99.1,99.6,119.9,113.4,34.7,7.7,-99,NA,83.1,79.5,19.8,20.8,1039.7,23
"Nicaragua","CentralAmerica",130373,6218,51.7,97.2,12693,4.9,2086.9,18.8,26.8,24.1,14.5,6.1,130,130,2225,5927,1.2,58.8,2,2.3,20,9,0.9,NA,49.6,80.6,NA,NA,NA,NA,4.9,0.8,76.5,55.7,77.5,71.4,29,8.4,40.3,0.7
"Niger","WesternAfrica",1267000,21477,17,100.6,7143,3.6,359,39.6,19.1,62.3,14.4,2.7,148,148,927,1861,3.8,18.7,5.1,7.4,65.8,6,NA,6.7,40.4,89.2,66.8,77.9,17.2,24.2,2.1,0.1,37.9,4.6,59.5,57.6,50.2,4.2,189.3,1
"Nigeria","WesternAfrica",923768,190886,209.6,102.7,494583,2.7,2714.5,20.9,20.4,27.9,14.7,5.4,116,117,104084,36533,2.7,47.8,4.7,5.7,76.3,3.7,NA,-99,48.5,64.3,92.8,94.5,53.5,57.8,96.3,0.6,32.8,25.4,52.6,51.2,44,4.5,1199.1,0.7
"Niue","Polynesia",260,2,6.2,100,-99,-99,-99,-99,-99,NA,NA,NA,101,101,-99,-99,-0.1,42.5,-0.9,2.6,8.1,7.4,NA,-99,NA,NA,120.2,147.2,114.1,104.1,NA,5.7,100,100,76.3,70.1,22.8,20.1,0.6,34.6
"Northern Mariana Islands","Micronesia",457,55,119.9,107.1,-99,-99,-99,-99,-99,NA,NA,NA,-99,-99,1735,4553,0.1,89.2,0.4,1.6,6.4,-99,-99,-99,NA,NA,-99,NA,-99,NA,-99,NA,79.7,79.7,77.9,74.9,23.5,10,21.6,39.3
"Norway","NorthernEurope",386194,5305,14.5,101.8,386578,1.6,74185.5,1.8,34.6,2.2,20.2,5.1,103,104,89120,72473,1.2,80.5,1.3,1.8,2.4,9.7,4.4,7.4,61.1,68.3,100.3,100.5,111.1,114.7,47.6,9.2,98,98.3,83.6,79.5,17.8,22.3,741.8,14.2
"Oman","WesternAsia",309500,4636,15,192.8,69832,5.7,15550.8,1.5,51.1,5,39.6,17.8,134,134,24455,23260,6.5,77.6,8.5,2.9,9.6,3.6,1.5,5,30.1,85.4,111.2,107.4,107.9,101,61.2,14.4,97.3,94.7,78.7,74.5,21.8,4,1845,41.1
"Pakistan","SouthernAsia",796095,197016,255.6,105.6,266458,5.5,1410.4,25.5,19,42.1,19.8,5.9,135,138,20534,46998,2.1,38.8,2.8,3.7,69.8,2.6,0.8,2.6,24.8,82.5,85.2,99.7,39.2,49.5,166.3,0.9,83.1,51.1,66.8,65,34.8,6.7,3629,1.9
"Palau","Micronesia",459,22,47.2,113.3,258,5.7,12122.5,3.8,8,NA,NA,NA,-99,-99,7,154,0.8,87.1,1.7,2.2,13.3,9,NA,NA,NA,NA,99,100.3,95.2,96.2,0.3,12.4,100,100,77.8,68.1,20.3,13.1,5.7,26.6
"Panama","CentralAmerica",75320,4099,55.1,100.4,52132,5.8,13268.1,2.8,27.1,14.5,19.6,6.2,117,118,636,11697,1.7,66.6,2.1,2.6,15.2,8,1.6,3.2,50.5,80.4,100.9,103.5,78.3,72.9,8.8,2.3,83.5,58,80.5,74.3,27.4,11.4,184.7,4.7
"Papua New Guinea","Melanesia",462840,8251,18.2,103.5,21315,6.6,2797.6,20.1,28.2,68.3,5.7,2.5,84,83,8760,8874,2.2,13,2.1,3.8,49,4.3,NA,-99,69.6,71.2,109.3,119.8,34.6,45.8,6.3,0.8,56.4,13.3,67.4,62.6,35.9,6.1,25.8,0.3
"Paraguay","SouthAmerica",406752,6811,17.1,102.9,27714,3.1,4174.4,19,29.5,19.6,19.5,5.5,160,166,8494,9753,1.3,59.7,2.1,2.6,28.8,9.8,1.3,5,58.3,84.7,104.3,107.6,79.1,74.2,5.7,0.9,95.5,78.4,74.9,70.7,29.4,9.4,156.5,2.4
"Peru","SouthAmerica",1285216,32166,25.1,99.8,190428,3.3,6069.1,7.6,33.3,24.4,17.3,5.3,145,148,36040,36185,1.3,78.6,1.7,2.5,18.6,5.5,1.1,4,66.1,82.8,101.7,101.7,95.8,95.7,61.7,2,82.5,53.2,76.8,71.5,27.4,10.4,90.9,0.3
"Philippines","South-easternAsia",3e+05,104918,351.9,101.3,292449,5.9,2904.2,10.5,31.3,27.7,16.3,5.9,122,120,56313,85909,1.6,44.4,1.3,3,22.2,4.7,NA,NA,50.8,78.9,116.9,116.8,92.7,84.4,105.7,1.1,77.9,70.8,72.1,65.4,31.7,7.6,211.9,0.2
"Poland","EasternEurope",312679,38171,124.6,93.4,477066,3.9,12355.5,2.6,34.1,10.9,29.6,5.3,113,113,196455,188518,NA,60.5,-0.1,1.3,4.5,6.4,2.3,4.9,49.1,64.9,100.7,100.5,106.1,110,285.7,7.4,97.5,96.7,81,72.9,14.8,24,619.4,1.6
"Portugal","SouthernEurope",92226,10330,112.8,89.8,199122,1.6,19239.2,2.3,22.3,8,23.8,10.5,104,104,55658,67580,-0.4,63.5,1,1.3,2.9,9.5,4.4,5.1,53.3,63.7,105.3,109.4,117.3,121,45.1,4.3,99.6,99.8,83.5,77.3,13.6,27.9,837.3,8.1
"Puerto Rico","Caribbean",8868,3663,413,92.6,102906,NA,27939,0.8,50,2,17.5,12.8,110,111,-99,-99,-0.2,93.6,-0.2,1.5,6.3,-99,-99,6.4,34.4,51.7,90.4,89.1,83.9,78.8,-99,NA,99.3,99.3,83.2,75.2,17.9,20.4,275,7.5
"Qatar","WesternAsia",11607,2639,227.3,301.2,164641,3.6,73653.4,0.2,56.4,1.2,54.1,0.3,154,154,57254,32058,6.6,99.2,6,2,7.2,2.2,2,3.6,53.1,93.6,103.6,102.4,103.6,82,107.9,49.7,98,98,79.4,76.8,13.9,2.8,1687.6,75.5
"Republic of Korea","EasternAsia",100284,50982,524.3,100.2,1377873,2.6,27396.7,2.3,38,5,24.7,3.6,104,104,495418,406182,0.4,82.5,0.7,1.2,3,7.4,2.2,5.1,50.2,71.9,98.7,99.3,98.4,99.3,587.2,11.7,100,100,84.4,77.9,13.5,20.1,1327.3,2.6
"Republic of Moldova","EasternEurope",33846,4051,123.3,92.2,6475,-0.7,1591.4,13.4,20.8,28.8,30.9,5,109,109,2045,4020,-0.1,45,-0.7,1.3,14.3,10.3,2.5,7.5,39.1,46.5,91.9,92.9,86.5,85.8,4.9,1.2,87.8,67.1,75.2,66.7,15.7,17.6,142.9,3.5
"Romania","EasternEurope",238391,19679,85.5,94,177956,3.7,9120.7,4.8,34.9,25.5,27.7,7.1,100,100,63581,74605,-0.6,54.6,NA,1.5,8.7,5.6,2.7,3.1,47.3,64.5,89,90.5,92,92.5,70,3.6,92.2,63.3,78.4,71.4,15.3,24.9,226.9,1.2
"Russian Federation","EasternEurope",17098246,143990,8.8,86.8,1326016,-3.7,9243.3,4.7,31.8,6.8,27.1,5.8,120,120,285491,182257,0.1,74,-0.1,1.7,8.3,7.1,3.3,3.9,56.3,71.3,100.9,100.1,103.4,105.5,1705.3,11.9,77,58.7,75.9,64.7,17.6,21.1,11643.3,8.1
"Rwanda","EasternAfrica",26338,12208,494.9,96.2,8096,6.9,697.3,34.6,15.1,75,7.2,2.4,139,139,622,1778,2.5,28.8,6.4,4.2,44,7.5,NA,3.6,86.1,83.3,133.4,131.7,38.2,35.2,0.8,0.1,58.5,62.9,67.1,63.1,40.1,4.9,441.5,3.8
"Saint Helena","WesternAfrica",308,4,10.4,-99,-99,-99,-99,-99,-99,NA,NA,NA,-99,-99,NA,48,-0.7,39.4,-0.6,-99,-99,-99,-99,-99,-99,NA,-99,NA,-99,NA,NA,3.1,-99,NA,-99,NA,-99,NA,0.6,15.2
"Saint Kitts and Nevis","Caribbean",261,55,212.9,97,876,3.8,15771.9,1.2,28.1,NA,NA,NA,39,39,51,332,1.1,32,1.3,-99,-99,5.1,NA,2.8,NA,NA,83.4,81.7,92.8,88,0.2,4.2,NA,NA,-99,NA,NA,NA,7.4,13.4
"Saint Lucia","Caribbean",539,179,293.2,95.9,1450,1.9,7839.4,2.7,12.9,14.8,17.6,19,69,69,120,654,0.5,18.5,0.9,1.5,10.9,6.7,NA,4.9,63.1,76.6,NA,NA,84.8,85.5,0.4,2.2,84.7,91.9,77.6,72.2,18.9,13.7,12.8,6.9
"Saint Pierre and Miquelon","NorthernAmerica",242,6,27.5,98.2,-99,-99,-99,-99,-99,-99,-99,-99,112,112,653,2629,NA,90.4,0.1,-99,-99,-99,-99,-99,-99,NA,-99,NA,-99,NA,0.1,12.2,-99,NA,-99,NA,NA,NA,1,15.7
"Saint Vincent and the Grenadines","Caribbean",389,110,281.8,101.7,738,1.6,6739.2,7.5,17.2,22.1,16.1,19.1,115,115,47,335,NA,50.6,0.7,2,16.5,8.6,NA,NA,56.4,76.9,103.2,105.8,105,107.9,0.2,1.9,NA,NA,74.9,70.7,23.8,11.7,4.6,4.2
"Samoa","Polynesia",2842,196,69.4,106.6,774,2.8,4006,9.3,24.2,5.3,14.8,6.5,107,107,56,350,0.8,19.1,-0.2,4.2,18,7.2,NA,NA,23.3,58.2,106.7,106.7,89.5,80.7,0.2,1,93.3,91.1,77.4,71.1,36.6,8.5,4.9,2.6
"San Marino","SouthernEurope",61,33,556.7,94.9,1565,1,49240.2,0.1,33.3,NA,NA,6.6,-99,-99,-99,-99,1.2,94.2,0.6,NA,-99,6.1,6.4,2.4,NA,NA,92.6,93.9,95.9,93.5,-99,NA,-99,NA,86.4,81.7,15,24.1,4.7,14.8
"Sao Tome and Principe","MiddleAfrica",964,204,212.8,99.2,334,4,1752.8,12.3,14.7,22.2,13.5,13.6,119,119,10,139,2.2,65.1,3.6,4.7,43.8,8.1,NA,3.8,45.4,76.2,112.2,117.7,91.7,80.8,0.1,0.6,40.8,23.3,68.2,64,42.8,4.3,2.4,1.3
"Saudi Arabia","WesternAsia",2206714,32938,15.3,132.9,653219,3.4,20710.6,2.3,46,5.9,22.7,5.5,96,96,182329,135904,2.8,83.1,2.1,2.7,13,4.7,2.6,NA,20,78.5,111.1,107.9,93.7,122.6,601,19.5,100,100,75.6,72.7,25.2,5.6,10185.9,32.3
"Senegal","WesternAfrica",196712,15851,82.3,96.6,13633,6.5,901.1,15.5,24.1,51.4,20.7,9.3,126,127,2640,5478,3,43.7,3.6,5,43.9,4.7,NA,7.4,45.3,70.5,86.9,77.6,49.1,50.2,8.9,0.6,65.4,33.8,67.5,63.8,42.9,4.7,263.2,1.7
"Serbia","SouthernEurope",88499,8791,100.5,95.6,37160,0.8,5238.6,8.2,31.4,19.4,24.5,15.5,102,102,14852,19231,-0.4,55.6,-0.3,1.6,9.8,10.4,2.5,4.2,43.4,59.9,101.2,101.5,97.4,96,37.7,4.3,98.2,94.2,77.5,71.8,16.5,24.5,807.4,9.1
"Seychelles","EasternAfrica",457,95,206,97.2,1363,6.8,14133.2,2.7,13.6,3.6,17.9,4.1,105,109,335,833,0.5,53.9,1.1,2.4,10.2,3.4,1,3.6,61.9,68.3,103.6,101.1,84.5,78.8,0.5,5.2,98.4,98.4,77.9,68.7,22.2,13.3,12.8,13.3
"Sierra Leone","WesternAfrica",72300,7557,104.7,98.1,4483,-20.3,694.8,51.4,17.6,68,6.5,3.1,168,168,466,958,2.3,39.9,2.7,4.8,94.4,11.1,NA,2.7,65.1,68.8,128.2,127,40.1,46.5,1.3,0.2,22.8,6.9,50.7,49.6,42.1,4.2,91.2,1.4
"Singapore","South-easternAsia",719,5709,8155.5,97.7,292734,2,52239,NA,26.4,0.3,17,2,112,112,329871,283009,1.7,100,2,1.2,2.1,4.9,1.9,2.9,57.8,76.1,-99,NA,-99,NA,56.4,10.2,100,NA,84.5,80.1,15,19.5,2543.6,45.4
"Sint Maarten (Dutch part)","Caribbean",34,40,1180,95.7,1094,0.5,28241.7,0.1,12.3,-99,-99,-99,-99,-99,-99,-99,3.1,100,2,-99,-99,-99,-99,-99,-99,NA,-99,NA,-99,NA,0.7,19.5,-99,NA,77.1,69.2,21,10.4,27.3,70.4
"Slovakia","EasternEurope",49035,5448,113.3,94.6,87268,3.8,16082.5,3.7,34.8,3.3,34.5,9.9,97,97,77565,75156,0.1,53.6,-0.3,1.4,5.7,8.1,3.4,4.2,51.4,68,99.2,100.2,92.8,92.1,30.7,5.6,99.4,98.2,79.8,72.6,15.4,21.8,177.2,3.3
"Slovenia","SouthernEurope",20273,2080,103.3,98.6,42777,2.3,20689.8,2.4,32.7,8.9,29.6,8.1,89,89,27585,26646,0.3,49.7,0.1,1.6,2.5,9.2,2.8,5.5,51.8,62.2,99.4,99.2,110.5,110.8,12.8,6.2,99.1,99.1,83.2,77.2,15,26.3,236,11.4
"Solomon Islands","Melanesia",28896,611,21.8,103.4,1075,3.2,1841.6,28.2,15.6,48.1,2.4,31.4,118,118,437,454,2.1,22.3,4.2,4.1,30,5.1,0.2,NA,61.1,73.5,113.6,115,47,49.8,0.2,0.4,81.4,15,71.1,68.3,38.8,5.4,2.6,0.4
"Somalia","EasternAfrica",637657,14742,23.5,99.3,1559,2.7,144.5,60.2,7.4,72,4.8,6.6,112,112,925,530,2.9,39.6,4.1,6.6,79.5,-99,NA,-99,33.3,75.9,NA,NA,NA,NA,0.6,0.1,52,6.3,56.5,53.3,46.4,4.4,25.3,0.2
"South Africa","SouthernAfrica",1221037,56717,46.8,96.4,314571,1.3,5773,2.4,28.9,6.1,26.2,26,125,126,74111,74744,1.4,64.8,1.6,2.6,36.5,8.8,0.8,6,46.4,61.1,97.3,102.2,111.5,88,489.8,9.1,69.6,60.5,63,56.1,29,8.4,3142.5,5.8
"South Sudan","EasternAfrica",658841,12576,20.6,100.4,13167,2,1067,4.6,58,-99,-99,NA,-99,-99,2389,750,3.3,18.8,5.1,5.2,77.7,2.7,-99,1.8,NA,NA,53.1,74.9,6.6,12.3,1.5,0.1,16.4,4.5,56,54.1,41.7,5.1,824.1,6.7
"Spain","SouthernEurope",505944,46354,92.9,96.2,1192955,3.2,25865.4,2.6,23.6,3.9,19.2,18.3,102,102,281777,302539,-0.2,79.6,0.7,1.3,2.9,9,3.8,4.3,52.1,64.2,105.6,104.5,129.6,130,234,5.1,99.8,100,85.3,79.6,14.7,25.3,5853,12.7
"Sri Lanka","SouthernAsia",65610,20877,332.9,92.5,82316,4.8,3973.7,8.7,30.7,27.4,25.9,5.2,120,122,10546,19501,0.5,18.4,0.8,2.1,8.2,3.5,NA,2.2,30.4,75,100.6,102.7,102,97.5,18.4,0.9,88.1,96.7,78,71.2,24,14.9,38.7,0.2
"State of Palestine","WesternAsia",6020,4921,817.4,102.9,12677,3.5,2715.5,4.8,23.4,8.7,29.8,24.2,90,90,929,5058,2.7,75.3,2.8,4.2,20,-99,-99,1.3,18.4,69.7,94.3,94.4,87,79.2,2.8,0.6,93,90.2,74.8,71.1,39.6,4.6,255.5,5.5
"Sudan","NorthernAfrica",-99,40533,23,99.9,79546,4.9,1977,32.4,20.1,32.9,20.4,13.4,-99,-99,1797,7658,2.3,33.8,2.5,4.8,48.7,8.4,3.1,NA,24.4,72.2,66.6,74.1,41.5,43.9,15.4,0.4,-99,NA,65.1,62.1,40.8,5.5,503.5,1.3
"Suriname","SouthAmerica",163820,563,3.6,100.7,4879,-2.7,8985.3,11.4,27.4,3.4,22.3,9.9,152,152,1437,1244,1,66,0.8,2.5,17.4,5.7,NA,-99,40.5,68.6,121.4,124.2,90.9,71.7,2,3.7,88.4,61.4,74.2,67.8,26.4,10.4,46.8,8.6
"Swaziland","SouthernAfrica",17363,1367,79.5,93.9,4133,1.7,3211.7,6.6,42.1,22,17,25.1,114,115,1881,733,1.8,21.3,1.3,3.3,56.3,9.3,NA,7,40.6,65.1,108,117.5,65.8,66.2,1.2,1,63.1,56,58.2,51.6,37.2,4.8,31.6,2.5
"Sweden","NorthernEurope",438574,9911,24.2,100.2,495694,4.1,50687.5,1.3,26.3,1.8,18.2,7.3,100,100,139574,140838,0.8,85.8,0.8,1.9,2.4,11.9,4.1,7.7,60.7,68,125.6,120.6,150,131.5,43.4,4.5,99.2,99.6,83.7,80,17.5,25.5,1639.8,16.8
"Switzerland","WesternEurope",41291,8476,214.5,98.2,670790,0.8,80831.1,0.7,25.5,3.5,20.4,4.6,106,106,304691,269157,1.2,73.9,1.1,1.5,3.9,11.7,4.1,5.1,62.5,74.5,103.8,104.1,99.4,103,35.3,4.3,99.9,99.8,84.8,80.5,14.9,24.1,2438.7,29.4
"Syrian Arab Republic","WesternAsia",185180,18270,99.5,102.1,28393,-5.3,1534.5,20.7,30,18.5,39.2,13.8,65,68,1265,2383,-2.3,57.7,1.4,3.1,17.9,3.3,1.5,NA,12.4,70.9,78.7,81.4,50.5,50.5,30.7,1.7,96.2,95.1,76.3,64.4,36.6,6.8,875.2,4.7
"Tajikistan","CentralAsia",142600,8921,63.7,100.9,7853,4.2,925.9,25,28,57.2,13.4,10.8,155,172,899,3030,2.2,26.8,2.6,3.5,38.9,6.9,1.7,5.2,59.6,77.9,101.2,99.8,83.1,92.5,5.2,0.6,93.8,95.5,73.5,67.7,35.3,5.8,275.1,3.2
"Thailand","South-easternAsia",513120,69038,135.1,95.2,395168,2.8,5814.8,9.1,35.7,34,22.7,0.6,129,126,213927,195666,0.4,50.4,3,1.5,11.2,4.1,NA,4.1,62.7,79.8,99.2,106.1,125.3,132.6,316.2,4.7,89.9,96.1,78.4,70.8,17.3,16.9,3913.3,5.8
"The former Yugoslav Republic of Macedonia","SouthernEurope",25713,2083,82.6,100,10052,3.8,4836.1,12,27.9,16.2,29.2,27.3,111,112,4785,6757,0.1,57.1,0.1,1.5,9,6.5,2.8,NA,43.9,67.8,92.8,93.6,78.2,80.3,7.5,3.6,97.2,82.6,77.2,73.2,16.7,19.5,130.7,6.3
"Timor-Leste","South-easternAsia",14919,1296,87.2,103.2,2873,4.3,2425.4,5.2,79.9,50.8,2,4.3,111,117,94,647,2.2,32.8,3.8,5.9,43.9,1.5,0.1,7.8,26.9,55.6,136.2,137.5,79.6,74.1,0.5,0.4,69,26.8,69.5,66.1,43.6,5.4,10.8,0.9
"Togo","WesternAfrica",56785,7798,143.4,99.4,4086,5.5,559.4,45.7,19.7,62.5,8.7,6.8,140,143,715,1716,2.6,40,3.8,4.7,55.7,5.2,NA,5.2,81,80.7,118.5,125.1,NA,NA,2.6,0.4,24.7,2.9,59.8,58.3,41.6,4.6,276.8,3.8
"Tokelau","Polynesia",12,1,130,100,-99,-99,-99,-99,-99,-99,-99,-99,112,112,NA,1,1.9,0,0,2.1,-99,-99,-99,-99,-99,NA,114.3,121,120.7,129.1,-99,NA,NA,90.5,-99,NA,28.3,12.2,0.5,39
"Tonga","Polynesia",747,108,150,100.7,402,3.8,3784.5,22.4,21.5,33.3,28.2,4.8,134,134,14,209,0.4,23.7,0.7,3.8,20.6,5.2,NA,NA,52.9,73.9,107.5,108.6,94.2,86.4,0.1,1.1,97.6,89,75.6,69.6,35.8,8.5,5.7,5.4
"Trinidad and Tobago","Caribbean",5127,1369,266.9,97.1,25927,0.2,19062.9,0.5,42.5,4.1,31.6,4.2,95,95,4576,4826,0.5,8.4,-1.2,1.8,24.8,5.9,NA,NA,52.4,73.2,NA,NA,NA,NA,46.3,34.2,91.5,91.5,73.8,66.9,20.7,15,49.9,3.7
"Tunisia","NorthernAfrica",163610,11532,74.2,97.6,41199,0.8,3660.9,10.3,27.8,11.7,29.4,14.6,108,108,13483,19456,1.2,66.8,1.4,2.3,18.5,7,1.6,6.3,25.1,71.3,112.5,115.8,94.2,90,28.8,2.6,97.4,79.8,77.1,73,24,12.3,56.7,0.5
"Turkey","WesternAsia",783562,80745,104.9,97,717888,4,9125.8,8.6,26.4,19.6,27.5,10.8,120,122,142606,198602,1.6,73.4,2,2.1,12.6,5.4,1.7,4.8,30.4,71.4,102.1,102.8,101.1,103.8,346,4.5,98.3,85.5,78.1,71.5,25,12,2964.9,3.8
"Turkmenistan","CentralAsia",488100,5758,12.3,97,37597,6.5,6996.7,13.4,51,17.9,37.4,8.6,103,109,3741,2616,1.8,50,1.9,3,46.9,2.1,2.3,3.1,47.3,77.7,88.6,90.1,83.7,86.9,68.4,12.9,NA,NA,70.8,63.9,30.9,7.3,196.4,3.7
"Turks and Caicos Islands","Caribbean",948,35,37.3,104.1,863,4.1,25121.8,0.6,10.4,NA,NA,NA,-99,-99,4,389,2,92.2,2.5,-99,-99,-99,-99,3.3,-99,NA,-99,NA,-99,NA,0.2,6.1,NA,NA,77.8,75.8,19.2,7.6,11.7,34
"Tuvalu","Polynesia",26,11,373.1,102,33,3.5,3362.4,26,7.6,-99,-99,NA,110,110,NA,12,0.9,59.7,1.9,3.6,NA,16.5,NA,-99,NA,NA,104.3,103,97.5,76,NA,NA,86.3,80.2,NA,NA,31.1,9.9,0.1,1.4
"Uganda","EasternAfrica",241550,42863,214.5,99,25282,5.4,647.7,25.6,21.5,72,7.4,2.4,93,90,2755,3750,3.4,16.1,5.4,5.9,60.2,7.2,NA,2.2,82.3,87.7,110.9,108.9,22.1,24.3,5.2,0.1,28.5,17.3,60.7,56.5,47.7,3.3,749.5,1.9
"Ukraine","EasternEurope",603500,44223,76.3,86,90615,-9.9,2021.6,14,26.3,15.7,24.6,8.8,137,137,36369,39184,-0.5,69.7,-0.3,1.5,8.8,7.1,3,5.9,52.3,67.5,105.1,102.8,98.2,100.2,227.3,5.1,97.4,92.6,76,66.1,15.5,23.2,4834.9,10.8
"United Arab Emirates","WesternAsia",83600,9400,112.4,262.4,370296,3.8,40438.8,0.7,44.9,3.5,21.1,3.7,70,70,195613,201908,2,85.5,2.9,1.8,6.2,3.6,1.6,-99,41.7,90.8,116,116.7,-99,NA,211.4,23.2,98,95.2,78.2,76,13.9,2.4,8095.1,88.4
"United Kingdom","NorthernEurope",242495,66182,273.6,97.4,2858003,2.2,44162.4,0.7,19.4,1.2,18.4,5,108,108,415856,635570,0.6,82.6,0.9,1.9,4.1,9.1,2.8,5.7,57,68.6,108.1,108.4,130.4,125.3,419.8,6.5,99.1,99.6,82.8,79,17.7,23.9,8543.1,13.2
"United Republic of Tanzania","EasternAfrica",947303,57310,64.7,97.8,45628,7,877.3,31.1,26.1,66.9,6.4,2.7,176,180,4742,7876,3.1,31.6,5.4,5.2,44,5.6,NA,3.5,73.9,83.2,82.9,80.5,30.8,33.7,11.6,0.2,31.3,8.3,64.8,60.8,44.9,4.7,261.2,0.5
"United States of America","NorthernAmerica",9833517,324460,35.5,98,18036648,2.6,56053.8,1,19.7,1.5,17.2,4.9,111,113,1453167,2249661,0.7,81.6,1,1.9,6,17.1,2.6,5.4,55.7,68.1,100,100.3,98.5,96.7,5254.3,16.2,100,100,81.2,76.5,18.9,21.5,46627.1,14.5
"United States Virgin Islands","Caribbean",347,105,299.7,91.1,-99,-99,-99,-99,-99,10.9,24,9,109,109,-99,-99,-0.2,95.3,0.3,2.3,9.3,-99,-99,-99,52.5,70.7,-99,NA,-99,NA,-99,NA,96.4,96.4,81.5,76.7,20.1,25.3,56.7,53.4
"Uruguay","SouthAmerica",173626,3457,19.8,93.5,53442,1,15573.8,6.8,28,8.7,20.5,8.8,129,130,6964,8137,0.3,95.3,0.5,2,12.7,8.6,NA,4.4,55.6,76.3,107.3,109.8,100,90.3,6.7,2,96.6,92.6,80.4,73.2,21.1,19.5,71.8,2.1
"Uzbekistan","CentralAsia",448969,31911,75,99.4,69004,6.8,2308.3,19.2,32.9,29,23.9,8.9,158,174,27947,25652,1.6,36.4,1.4,2.4,31.3,5.8,2.5,-99,48.5,76.6,103.2,105.6,95.1,96.8,105.2,3.6,100,100,73.5,68.1,28,7.6,1170.9,3.9
"Vanuatu","Melanesia",12189,276,22.7,102.4,737,-1,2783,26.7,8.4,61.4,6.8,5.3,123,122,50,416,2.3,26.1,3.4,3.4,24.3,5,0.2,5.5,61.7,80.5,118.7,120.6,56.4,53.4,0.2,0.6,65.1,55.4,73.6,69.4,35.9,6.7,3.2,1.2
"Venezuela (Bolivarian Republic of)","SouthAmerica",912050,31977,36.3,99,344331,-6.2,11068.9,5.3,44.7,11.9,26.8,6.6,118,119,19731,16324,1.4,89,1.5,2.4,13.8,5.3,NA,NA,51.5,78.3,98.6,101.3,93,86.5,185.2,6.1,97.5,69.9,78.2,69.9,27.6,9.9,1404.4,4.5
"Viet Nam","South-easternAsia",330967,95541,308.1,98,193241,6.7,2067.9,18.9,37,41.8,22.9,2.2,136,134,176632,174111,1.1,33.6,3,2,19.3,7.1,1.2,5.7,73.9,83.3,108.4,109.3,-99,NA,166.9,1.8,94.4,69.7,80.3,70.7,23.1,11.1,72.8,0.1
"Wallis and Futuna Islands","Polynesia",142,12,84.1,93.4,-99,-99,-99,-99,-99,-99,-99,-99,115,115,1,53,-2.1,0,0,2.1,NA,-99,-99,-99,-99,NA,-99,NA,-99,NA,NA,1.6,-99,NA,78.7,72.8,25.5,15.4,2.8,21.7
"Western Sahara","NorthernAfrica",266000,553,2.1,110.1,-99,-99,-99,-99,-99,37.4,27.9,6.8,100,100,-99,-99,1.8,80.9,3.3,2.6,34.1,-99,-99,-99,28.6,83.3,-99,NA,-99,NA,-99,NA,-99,NA,70.3,66.9,28.1,5.4,5.2,0.9
"Yemen","WesternAsia",527968,28250,53.5,102.1,29688,-28.1,1106.4,14.7,36.9,32.9,17.9,16.1,136,137,570,6861,2.6,34.6,4,4.4,47.2,5.6,0.3,NA,26.2,73.7,88.9,105.7,39.5,57.4,22.7,0.9,92.5,34.1,65.6,62.8,39.9,4.6,344.1,1.3
"Zambia","EasternAfrica",752612,17094,23,98.5,21255,2.9,1311.1,8.2,32.3,54.8,9.9,7.4,179,180,6505,7442,3,40.9,4.3,5.2,53.8,5,0.2,NA,69.9,80.9,104,103.3,-99,NA,4.5,0.3,55.6,35.7,61.9,57.5,44.8,3.7,127.9,0.8
"Zimbabwe","EasternAfrica",390757,16530,42.7,95,13893,1.1,890.4,13,30.5,67.5,7.3,5,99,98,2832,5212,2.3,32.4,2.3,4,46.5,6,0.1,8.4,78,87.5,99.1,100.8,47.1,48.1,12,0.8,49.3,30.8,59,56.1,41.2,4.2,398.9,2.6
